{"format": "logreg-standardized-v1", "feature_names": ["life_me", "life_opp", "life_diff", "life_thin_me", "life_thin_opp", "deck_danger_me", "deck_danger_opp", "don_active_me", "don_rested_me", "don_deck_me", "turn_count", "is_my_turn", "field_n_me", "field_n_opp", "field_pow_me_k", "field_pow_opp_k", "leader_pow_me_k", "leader_pow_opp_k", "blocker_n_me", "blocker_n_opp", "rested_n_me", "rested_n_opp", "attacker_n_me", "attacker_n_opp", "threat_n_me", "threat_n_opp", "stage_me", "stage_opp", "hand_n_me", "hand_n_opp", "hand_counter_total_me_k", "hand_counter_cards_me", "hand_removal_me", "hand_blocker_me", "hand_event_me", "hand_char_me", "removal_x_oppfield", "blocker_x_oppfield", "counter_x_opppow", "bias"], "weights": [0.26513559127825836, -0.22602050037454272, 0.550527635529171, 0.2744370146937351, -0.27149596401043147, 0.0, 0.0, 0.31258215235590014, -0.2735353299126921, 0.06634715863603471, 0.0036224584082702885, -0.003941310406223124, 0.20852001076954502, -0.2041005789489619, 0.7066397703607357, -0.5927070463237367, 0.0, 0.0, 0.12798674006370545, -0.1034275939159218, -0.04219604571942192, 0.03390296056781337, 0.2935975915143201, -0.282186825190852, 0.09321052887484842, -0.08323252903695749, 0.0, 0.0, 0.30929480443325613, -0.5673672148442708, 0.0040531518978238435, 0.031000200424813995, -0.03462749551892464, 0.001289953895605287, 0.0, 0.30929480443325613, 0.1448413458583235, 0.1359027893884821, -0.21240786484240962, 0.0], "intercept": 0.00048761957977692467, "mean": [2.9549436795994994, 2.955480064366172, -0.0005363847666726265, 1.826211335598069, 1.8265689254425175, 0.0, 0.0, 3.2152690863579476, 1.7956374038977294, 4.585732165206508, 6.017343107455749, 0.5000893974611121, 1.878419452887538, 1.8778830681208654, 7.954407294832826, 7.952798140532809, 5.0, 5.0, 0.2875022349365278, 0.2873234400143036, 0.42606829966028964, 0.42606829966028964, 1.4523511532272484, 1.4518147684605758, 0.020561416055784015, 0.020561416055784015, 0.0, 0.0, 4.5072411943500805, 4.5072411943500805, 4.149472554979439, 3.6847845521187197, 1.9969604863221884, 0.5617736456284641, 0.0, 4.5072411943500805, 3.1675308421240835, 0.7393170033971035, 24.115680314679064, 1.0], "std": [1.170793466342116, 1.170126588822141, 1.0442556884867098, 0.4830540502716675, 0.4824419115784112, 1.0, 1.0, 3.4830645935719105, 2.5797979244635836, 3.1217943737641685, 3.2618409285653294, 0.4999999920081054, 1.5962658255207793, 1.59605685529795, 7.5238624365834585, 7.522676116021389, 1.0, 1.0, 0.535474345063978, 0.5354033574897996, 0.8965515157548068, 0.8965515157548068, 1.2625590488169114, 1.2621137739033077, 0.14440853130774317, 0.14440853130774317, 1.0, 1.0, 2.0948352763179097, 2.0948352763179097, 2.3472479308596594, 2.041552749781881, 1.3321149966995767, 0.7433966057213766, 1.0, 2.0948352763179097, 3.7776106392969546, 1.4848856611188446, 27.696550349744715, 1.0], "trained_rows": 6992, "val_acc": 0.6447462473195139, "val_logloss": 0.6025913254086745}