{"format": "logreg-standardized-v1", "feature_names": ["life_me", "life_opp", "life_diff", "life_thin_me", "life_thin_opp", "deck_danger_me", "deck_danger_opp", "don_active_me", "don_rested_me", "don_deck_me", "turn_count", "is_my_turn", "field_n_me", "field_n_opp", "field_pow_me_k", "field_pow_opp_k", "leader_pow_me_k", "leader_pow_opp_k", "blocker_n_me", "blocker_n_opp", "rested_n_me", "rested_n_opp", "attacker_n_me", "attacker_n_opp", "threat_n_me", "threat_n_opp", "stage_me", "stage_opp", "hand_n_me", "hand_n_opp", "hand_counter_total_me_k", "hand_counter_cards_me", "hand_removal_me", "hand_blocker_me", "hand_event_me", "hand_char_me", "removal_x_oppfield", "blocker_x_oppfield", "counter_x_opppow", "bias"], "weights": [0.027455005349710987, 0.019426199473303093, 0.008943947152938609, 0.3452852713462248, -0.42294592648066764, 0.0, 0.0, 0.16851844470091254, -0.2436225749988843, 0.06862461458800945, -0.0026335826573409423, -0.15754218131323597, 0.22400324361998716, -0.19677157713707635, 0.3765810390408563, -0.41610356585828184, 0.0, 0.0, -0.1568557734936101, 0.15720953191781592, 0.005573182374379888, 0.054475076844712006, 0.2769490902201008, -0.2874296445354495, 0.2683179554428131, -0.28054303090399096, 0.0, 0.0, 0.1235874026097179, -0.5970965371455974, 0.21536934174804684, 0.17051960551832382, -0.07796561148874427, 0.004253999670591955, 0.0, 0.1235874026097179, 0.03474766574408423, 0.13805532500416132, 0.0874385375063799, 0.0], "intercept": -0.004707490909674752, "mean": [2.9746835443037973, 2.979746835443038, -0.005063291139240506, 1.8354430379746836, 1.8354430379746836, 0.0, 0.0, 3.091139240506329, 1.7721518987341771, 4.7974683544303796, 5.744303797468355, 0.5012658227848101, 1.9113924050632911, 1.9139240506329114, 8.379746835443038, 8.39240506329114, 5.0, 5.0, 0.2481012658227848, 0.2430379746835443, 0.4379746835443038, 0.44050632911392407, 1.4734177215189874, 1.4734177215189874, 0.030379746835443037, 0.030379746835443037, 0.0, 0.0, 4.711392405063291, 4.706329113924051, 4.055696202531646, 3.721518987341772, 1.9468354430379746, 0.5848101265822785, 0.0, 4.711392405063291, 3.610126582278481, 0.7493670886075949, 25.225316455696202, 1.0], "std": [1.173275017608574, 1.1733733417795218, 1.0530124038094255, 0.4674298091715641, 0.4674298091715641, 1.0, 1.0, 3.405401140831897, 2.574211773612999, 3.0322308570617675, 3.0668396645342013, 0.49999839769011195, 1.6272199902444588, 1.6312404363919821, 7.883814211293035, 7.901638544253014, 1.0, 1.0, 0.5073786590597633, 0.4997932596138051, 0.9509893312860241, 0.9511510664588264, 1.2969983711924316, 1.2969983711924316, 0.17162988614357919, 0.17162988614357919, 1.0, 1.0, 1.9559055231883113, 1.965483273721492, 2.267421824560201, 2.05455165493692, 1.2220376678026736, 0.8418016555217894, 1.0, 1.9559055231883113, 4.08205690694922, 1.5312668220907228, 28.072913511089663, 1.0], "trained_rows": 494, "val_acc": 0.7272727272727273, "val_logloss": 0.4972614844400964}