{"format": "logreg-standardized-v1", "feature_names": ["life_me", "life_opp", "life_diff", "don_active_me", "don_rested_me", "don_deck_me", "turn_count", "is_my_turn", "field_n_me", "field_n_opp", "field_pow_me_k", "field_pow_opp_k", "leader_pow_me_k", "leader_pow_opp_k", "blocker_n_me", "blocker_n_opp", "rested_n_me", "rested_n_opp", "hand_n_me", "hand_n_opp", "hand_counter_total_me_k", "hand_counter_cards_me", "hand_removal_me", "hand_blocker_me", "hand_event_me", "hand_char_me", "removal_x_oppfield", "blocker_x_oppfield", "counter_x_opppow", "bias"], "weights": [0.5355031732368042, -0.4535185867619551, 0.8896073964974895, 0.14473761047089506, -0.18934379880390115, -0.3059881824985906, -0.05089331874895751, 0.02775330456571351, 0.4905654881184461, -0.4201054203123402, 0.7304725339011348, -0.6845871581701948, 0.4293537517127816, -0.220092012355367, 0.1682691427774399, -0.2002981736163526, -0.21366703937865753, 0.2102181870907638, 0.36678216539563874, -0.7063669925059108, 0.17084746443199864, 0.3170211688966616, -0.40499022301733406, 0.00876483187519449, 0.26498682613707797, 0.3965309660037468, -0.04488176618694558, -0.07592741467499557, 0.003506960661604651, 0.0], "intercept": 0.015428709983738296, "mean": [3.0859004739336493, 3.0859004739336493, 0.0, 3.0941943127962084, 1.1682464454976302, 4.068720379146919, 6.2156398104265405, 0.5, 2.1949052132701423, 2.1949052132701423, 6.377369668246446, 6.377369668246446, 5.196682464454977, 5.196682464454977, 0.384478672985782, 0.384478672985782, 0.4194312796208531, 0.4194312796208531, 4.0225118483412325, 4.0225118483412325, 3.022511848341232, 2.3803317535545023, 1.3027251184834123, 0.370260663507109, 1.0941943127962086, 2.7227488151658767, 2.6273696682464456, 0.6303317535545023, 14.612559241706162, 1.0], "std": [1.389820906171712, 1.389820906171712, 1.5451345437513975, 3.2462175495958614, 1.8869434789678263, 3.186913075414557, 3.5023271807028555, 0.5, 1.6861008654455487, 1.686100865445549, 5.776885195330417, 5.776885195330417, 0.3974902170253949, 0.3974902170253949, 0.6777932119538778, 0.6777932119538778, 0.8806243254779472, 0.8806243254779472, 1.9618917612944364, 1.9618917612944364, 2.421901517560132, 1.8340233357568632, 1.2325337695822172, 0.7169193760599327, 0.9772358930568162, 1.9125190030183163, 3.9252958593874596, 1.6938918378060561, 20.62751655972795, 1.0], "trained_rows": 2110, "val_acc": 0.7251184834123223, "val_logloss": 0.5367070717626592}