{"format": "logreg-standardized-v1", "feature_names": ["life_me", "life_opp", "life_diff", "don_active_me", "don_rested_me", "don_deck_me", "turn_count", "is_my_turn", "field_n_me", "field_n_opp", "field_pow_me_k", "field_pow_opp_k", "leader_pow_me_k", "leader_pow_opp_k", "blocker_n_me", "blocker_n_opp", "rested_n_me", "rested_n_opp", "hand_n_me", "hand_n_opp", "hand_counter_total_me_k", "hand_counter_cards_me", "hand_removal_me", "hand_blocker_me", "hand_event_me", "hand_char_me", "removal_x_oppfield", "blocker_x_oppfield", "counter_x_opppow", "bias"], "weights": [0.19381974393494264, -0.1507554271563086, 0.4478769322637722, 0.4204402904839022, -0.23061577092298466, 0.03963018725578189, -0.0021193808418216178, -0.07471108281846775, 0.2895852691624986, -0.24102489758855533, 0.9445488601322783, -0.8625520337969865, 0.0, 0.0, 0.038946031080653885, -0.04987719585063447, -0.1750330686853657, 0.15621190964763415, 0.3208602002879696, -0.7827589165916193, 0.3030823913997311, 0.06087262368240741, -0.07417455952602733, -0.04147687561544698, 0.0, 0.3208602002879696, -0.003653733568270273, -0.01047067564397387, -0.06537668502021036, 0.0], "intercept": 0.00020319206965289225, "mean": [2.7380217420480473, 2.7381559522211782, -0.00013421017313112335, 3.316736008589451, 1.9142396993692121, 4.260636156220642, 6.409475238223057, 0.5000671050865656, 2.0319420212052073, 2.0319420212052073, 9.066434035699906, 9.067507717084956, 5.0, 5.0, 0.4020936787008455, 0.4020936787008455, 0.4818145215407328, 0.48221715206012616, 4.521943363306939, 4.52207757348007, 4.266809824184673, 3.7339954368541135, 2.103341833310965, 0.513622332572809, 0.0, 4.521943363306939, 3.7195007381559524, 0.7282243994094753, 28.622869413501544, 1.0], "std": [1.193449353039794, 1.1933101147790475, 0.9181361987332184, 3.6550809244370024, 2.7327673893081963, 3.231252662758459, 3.5048079607193876, 0.4999999954969249, 1.6464599799475599, 1.64645997994756, 8.076653593184625, 8.077973946556146, 1.0, 1.0, 0.6196928573898203, 0.6196928573898203, 0.9705283928785526, 0.9709506189133525, 2.2519221053836938, 2.251920793602191, 2.5353118035893876, 2.2016446481215843, 1.4186870816402406, 0.7137064570891899, 1.0, 2.2519221053836938, 4.3124162804216315, 1.5332688025534722, 31.834266377234243, 1.0], "trained_rows": 9314, "val_acc": 0.6704240472356414, "val_logloss": 0.5742168159837995}